name,province,lat,lng
Lễ hội Đền Hùng,Phú Thọ,21.3670433,105.3200361,18.75
Lễ hội Chùa Hương,Hà Nội,20.69754,105.71567
Hội Lim,Bắc Ninh,21.12171,106.06134
Festival Huế,Thừa Thiên Huế,16.46194,107.59546
Lễ hội Bà Chúa Xứ,An Giang,10.70561,105.11590
Lễ hội Gióng,Hà Nội,21.08373,105.82612
Lễ hội Yên Tử,Quảng Ninh,21.14367,106.72104
Lễ hội Côn Sơn Kiếp Bạc,Hải Dương,21.11675,106.38628
Lễ hội Đền Trần,Nam Định,20.43392,106.17731
Lễ hội Phủ Dầy,Nam Định,20.33575,106.16098
Lễ hội Đền Sóc,Hà Nội,21.08350,105.82640
Lễ hội Đền Bà Triệu,Thanh Hóa,19.84952,105.93142
Lễ hội Đền Cuông,Nghệ An,19.21678,105.70432
Lễ hội Chùa Keo,Thái Bình,20.61124,106.34892
Lễ hội Đền Cửa Ông,Quảng Ninh,21.03561,107.31055
Lễ hội Đền Hàn Sơn,Thanh Hóa,20.10254,105.87533
Lễ hội Đền Và,Sơn Tây Hà Nội,21.14077,105.50423
Lễ hội Lồng Tồng,Bắc Kạn,22.14860,105.83412
Lễ hội Tịch Điền,Hà Nam,20.54321,105.92112
Lễ hội Hoa Ban,Điện Biên,21.38602,103.02301
Lễ hội Chợ Tình Khâu Vai,Hà Giang,23.15877,105.40721
Lễ hội Gầu Tào,Lào Cai,22.48512,103.97325
Lễ hội Cầu Ngư,Quảng Bình,17.46893,106.62211
Lễ hội Bà Thu Bồn,Quảng Nam,15.85411,108.03912
Lễ hội Kate,Ninh Thuận,11.56521,108.98942
Lễ hội Ok Om Bok,Sóc Trăng,9.60301,105.97314
Lễ hội Đua Ghe Ngo,Sóc Trăng,9.60211,105.97298
Lễ hội Chol Chnam Thmay,Trà Vinh,9.94710,106.34221
Lễ hội Nghinh Ông,Bình Thuận,10.92844,108.10221
Lễ hội Nghinh Ông,Cần Giờ TP HCM,10.41277,106.95911
Lễ hội Dinh Cô,Bà Rịa Vũng Tàu,10.38221,107.10541
Lễ hội Bà Đen,Tây Ninh,11.37402,106.15954
Lễ hội Núi Sam,An Giang,10.70482,105.11455
Lễ hội Ooc Om Boc,Bạc Liêu,9.28851,105.72461
Lễ hội Đền Hát Môn,Hà Nội,21.07154,105.59021
Lễ hội Chùa Tây Phương,Hà Nội,20.99841,105.56744
Lễ hội Chùa Thầy,Hà Nội,21.03304,105.56194
Lễ hội Chùa Dâu,Bắc Ninh,21.10355,106.04941
Lễ hội Chùa Bút Tháp,Bắc Ninh,21.09021,106.08566
Lễ hội Đền Đô,Bắc Ninh,21.03971,105.91731
Lễ hội Đền Bà Chúa Kho,Bắc Ninh,21.13140,106.07744
Lễ hội Chùa Tam Chúc,Hà Nam,20.45877,105.86822
Lễ hội Đền Trần Thái Bình,Thái Bình,20.44911,106.34102
Lễ hội Đền Quán Thánh,Hà Nội,21.04321,105.83654
Lễ hội Đền Ngọc Sơn,Hà Nội,21.02856,105.85224
Lễ hội Chùa Trấn Quốc,Hà Nội,21.04754,105.83693
Lễ hội Đền Bạch Mã,Hà Nội,21.03522,105.85151
Lễ hội Chùa Hòe Nhai,Hà Nội,21.04344,105.84144
Lễ hội Chùa Phật Tích,Bắc Ninh,21.10477,106.05502
Lễ hội Chùa Ba Vàng,Quảng Ninh,21.08933,106.80521
Lễ hội Chùa Yên Tử,Quảng Ninh,21.14367,106.72104
Lễ hội Đền Cửa Suốt,Quảng Ninh,20.97931,107.04672
Lễ hội Đền Quan Lớn Tuần Tranh,Hải Dương,20.91441,106.41712
Lễ hội Chùa Keo Hành Thiện,Nam Định,20.25111,106.29021
Lễ hội Phủ Tây Hồ,Hà Nội,21.04943,105.83076
Lễ hội Chùa Hương Tích,Hà Tĩnh,18.32244,105.90211
Lễ hội Đền Quả Sơn,Nghệ An,19.22001,105.52611
Lễ hội Đền Cờn,Nghệ An,19.21021,105.74511
Lễ hội Điện Hòn Chén,Huế,16.42912,107.57514
Lễ hội Cầu Ngư Huế,Huế,16.46021,107.60321
Lễ hội Bà Thu Bồn,Quảng Nam,15.85411,108.03912
Lễ hội Cầu Ngư Đà Nẵng,Đà Nẵng,16.07122,108.22444
Lễ hội Quan Thế Âm Ngũ Hành Sơn,Đà Nẵng,16.00392,108.26411
Lễ hội Tháp Bà Ponagar,Khánh Hòa,12.26501,109.19521
Lễ hội Cầu Ngư Nha Trang,Khánh Hòa,12.23879,109.19675
Lễ hội Dinh Thầy Thím,Bình Thuận,10.56922,107.84112
Lễ hội Nghinh Ông Phan Thiết,Bình Thuận,10.92761,108.10221
Lễ hội Nghinh Ông Vũng Tàu,Bà Rịa Vũng Tàu,10.34599,107.08426
Lễ hội Bà Chúa Xứ Núi Sam,An Giang,10.70561,105.11590
Lễ hội Đua Bò Bảy Núi,An Giang,10.48211,104.97322
Lễ hội Ok Om Bok Trà Vinh,Trà Vinh,9.94710,106.34221
Lễ hội Cúng Trăng,Sóc Trăng,9.60301,105.97314
Lễ hội Dừa,Bến Tre,10.24322,106.37544
Lễ hội Hoa Đà Lạt,Lâm Đồng,11.94042,108.45831
Lễ hội Cà Phê Buôn Ma Thuột,Đắk Lắk,12.66667,108.03721
Lễ hội Đâm Trâu,Tây Nguyên,14.35011,108.00312
Lễ hội Cồng Chiêng,Tây Nguyên,14.35011,108.00312
Lễ hội Mừng Lúa Mới,Gia Lai,13.98333,108.00000
Lễ hội Đua Voi,Buôn Đôn Đắk Lắk,12.89345,107.73901
Lễ hội Đền Thượng,Lào Cai,22.48556,103.97501
Lễ hội Gầu Tào Sa Pa,Lào Cai,22.33501,103.84301
Lễ hội Lồng Tồng Tuyên Quang,Tuyên Quang,21.82345,105.21821
Lễ hội Thành Tuyên,Tuyên Quang,21.82345,105.21821
Lễ hội Chùa Tam Thanh,Lạng Sơn,21.84722,106.75721
Lễ hội Đền Kỳ Cùng,Lạng Sơn,21.84821,106.76111
Lễ hội Lồng Tồng Cao Bằng,Cao Bằng,22.66667,106.26389
Lễ hội Pác Bó,Cao Bằng,22.48021,106.30012
Lễ hội Hoa Tam Giác Mạch,Hà Giang,23.22421,105.17221
Lễ hội Ruộng Bậc Thang,Mù Cang Chải Yên Bái,21.79441,104.10744
Lễ hội Đền Đông Cuông,Yên Bái,21.70031,104.57811
Lễ hội Đền Thác Bà,Yên Bái,21.88221,104.64021
Lễ hội Tràng An,Ninh Bình,20.25722,105.90244
Lễ hội Chùa Bái Đính,Ninh Bình,20.25361,105.89621
Lễ hội Hoa Lư,Ninh Bình,20.25531,105.90612
Lễ hội Phát Diệm,Ninh Bình,20.04721,105.91122
Lễ hội Nhà Thờ Lớn,Hà Nội,21.02933,105.84842
